./src\1_251029_103152.pdf,1,设计变更通知单 05-03-C2-B001
./src\1_251029_103152.pdf,2,设计变更通知单 05-03-C2-B002
./src\1_251029_103152.pdf,3,设计变更通知单 05-03-C2-B003
./src\1_251029_103152.pdf,4,设计变更通知单 06-03-C2-B001
./src\1_251029_103152.pdf,5,设计变更通知单 06-03-C2-B002
./src\1_251029_103152.pdf,6,设计变更通知单 05-03-C2-V001
./src\1_251029_103152.pdf,7,设计变更通知单 05-02-C2-V002
./src\1_251029_103152.pdf,8,设计变更通知单 05-03-C2-V003
./src\1_251029_103152.pdf,9,设计变更通知单 05-02-C2-V004
./src\1_251029_103152.pdf,10,设计变更通知单 06-03-C2-V001
./src\1_251029_103152.pdf,11,设计变更通知单 06-03-C2-V002
./src\1_251029_103152.pdf,12,设计变更通知单 06-03-C2-V003
./src\1_251029_103152.pdf,13,设计变更通知单 06-03-C2-V004
./src\1_251029_103152.pdf,14,设计变更通知单 06-03-C2-V005
./src\1_251029_103152.pdf,15,设计变更通知单 06-03-C2-V006
./src\1_251029_103152.pdf,16,设计变更通知单 06-03-C2-V007
./src\1_251029_103152.pdf,17,设计变更通知单 06-03-C2-V008
./src\1_251029_103152.pdf,18,设计变更通知单 06-03-C2-V009
./src\1_251029_103152.pdf,19,设计变更通知单 06-03-C2-V010
./src\2_251029_103251.pdf,1,设计变更通知单 R20-01-Xl 编号 02
./src\2_251029_103251.pdf,2,设计变更通知单 R20-01-X 编号 02
./src\2_251029_103251.pdf,3,设计变更通知单 R20-01-X1l 编号 03
./src\2_251029_103251.pdf,4,设计变更通知单 R20-01-2 编号 01
./src\2_251029_103251.pdf,5,设计变更通知单 R20-01-2 编号 XX
./src\2_251029_103251.pdf,6,及部门等 设计变更通知单 190643GC-01GS-1
./src\2_251029_103251.pdf,7,设计变更通知单 190643GC-01G6S-2
./src\2_251029_103251.pdf,8,设计变更通知单 190643GC-01GS-3
./src\2_251029_103251.pdf,9,设计变更通知单 190643GC-01GS-4
./src\2_251029_103251.pdf,10,设计变更通知单 190643GC-01GS-5
./src\2_251029_103251.pdf,11,设计变更通知单 190643GC-02GS-1
./src\2_251029_103251.pdf,12,设计变更通知单 190643GC-026S-2
./src\2_251029_103251.pdf,13,设计变更通知单 COM-B1INT-01
./src\2_251029_103251.pdf,14,设计变更通知单 COM-B1JPS-01
./src\2_251029_103251.pdf,15,设计变更通知单 会议-NT-01
./src\2_251029_103251.pdf,16,设计变更通知单 展览-NT-01
./src\3_251029_103433.pdf,1,设计变更通知单 06-03-C2-007-C
./src\3_251029_103433.pdf,2,设计变更通知单 06-03-C2-002-C
./src\3_251029_103433.pdf,3,设计变更通知单 06-03-C2-014-C
./src\3_251029_103433.pdf,4,及部门生        设计变更通知单 06-03-C2-013-C
./src\3_251029_103433.pdf,5,设计变更通知单 06-03-C2-019-C
./src\3_251029_103433.pdf,6,设计变更通知单 06-03-C2-018-C
./src\3_251029_103433.pdf,7,设计变更通知单 06-03-C2-022-C
./src\3_251029_103433.pdf,8,设计变更通知单 06-03-C2-018-E
./src\3_251029_103433.pdf,9,设计变更通知单 06-03-C2-019-E
./src\3_251029_103433.pdf,10,设计变更通知单 06-03-C2-020-E
./src\3_251029_103433.pdf,11,设计变更通知单 06-03-C2-022-E
./src\3_251029_103433.pdf,12,及部门等        设计变更通知单 06-03-C2-026-
./src\3_251029_103433.pdf,13,设计变更通知单 06-03-C2-027-E
./src\3_251029_103433.pdf,14,设计变更通知单 06-03-C2-034-E
./src\3_251029_103433.pdf,15,设计变更通知单 06-03-C2-037-E
./src\3_251029_103433.pdf,16,暖通空调专业: 设计变更通知单 06-03-C2-039-E
./src\3_251029_103433.pdf,17,设计变更通知单 06-03-C2-041-E
./src\3_251029_103433.pdf,18,设计变更通知单 06-03-C2-042-E
./src\4_251029_103532.pdf,1,设计变更通知单 05-03-C2-007-C
./src\4_251029_103532.pdf,2,设计变更通知单 05-03-C2-008-C
./src\4_251029_103532.pdf,3,设计变更通知单 05-03-C2-009-C
./src\4_251029_103532.pdf,4,设计变更通知单 05-03-C2-020-C
./src\4_251029_103532.pdf,5,设计变更通知单 05-03-C2-008-E
./src\4_251029_103532.pdf,6,设计变更通知单 05-03-C2-010-E
./src\4_251029_103532.pdf,7,设计变更通知单 05-03-C2-014-E
./src\4_251029_103532.pdf,8,设计变更通知单 05-03-C2-016-E
./src\4_251029_103532.pdf,9,设计变更通知单 05-03-C2-017-E
./src\4_251029_103532.pdf,10,设计变更通知单 05-03-C2-021-E
